start_date_type,start_date,country,geo_scope,area_name,shutdown_type,affected_network,shutdown_extent,ordered_by,decision_maker,actual_cause,actual_cause_details,info_source,info_source_link,shutdown_status,end_date,duration,gov_justification,gov_just_details,gov_ack,legal_just,legal_method,gov_ack_source,gov_ack_quote,facebook_affected,twitter_affected,whatsapp_affected,instagram_affected,telegram_affected,other_affected,sms_affected,phonecall_affected,telcos_involved,telco_ack,telco_ack_source,telco_ack_quote,election,violence,hr_abuse_reported,users_targeted,users_target_detail,users_notified,econ_impact,event,an_link,region
,1/1/2009,Pakistan,"It only affected one city, county, or village","Wana, South Waziristan",Shutdown,Mobile,Full network,Local government,,Conflict,,News media article,https://nation.com.pk/05-May-2018/govt-to-restore-mobile-phone-services-in-wana-after-10-years,,5/5/2018,3411,National security/ Counter-terrorism,,,,,,,,,,,,,,,,,,,,,,,,,52437355 / year,NA,NA,APAC
,5/1/2010,Yemen,"It affected locations in more than one state, province, or region",Nationwide,Shutdown,"Broadband, Mobile",Service-based,Executive government,,Other,,News media article,https://reliefweb.int/report/yemen/skype-banned-yemen-protect-state-monopoly-over-international-calls,Ongoing,,,Unknown,,,,,,,,,,,,Skype,,,,,,,,,,,,,NA,NA,NA,MENA
Actual,9/11/2013,Turkey,"It affected locations in more than one state, province, or region",Nationwide,Shutdown,"Broadband, Mobile",Service-based,Executive government,Turkey's Directorate of Telecommunication following Istanbul's Criminal Court of Peace,Information control,,CSO KIO partners,https://explorer.ooni.org/chart/mat?probe_cc=TR&since=2023-01-01&until=2023-12-31&time_grain=day&axis_x=measurement_start_day&test_name=web_connectivity&domain=www.grindr.com; https://ooni.org/post/2023-jordan-blocks-grindr/#conclusion; https://kaosgl.org/en/single-news/grindr-ban-in-turkey-taken-to-constitutional-court,Ongoing,,,Other,"""Protective measure""",Yes,Yes,,https://www.independent.co.uk/tech/gay-hookup-app-grindr-fights-back-against-turkish-ban-with-threat-of-legal-action-8829360.html,,No,No,No,No,No,Grindr,No,No,,No,,,No,No,No,LGBTQ groups,,No,,"Grindr has been blocked in Turkey since Sep. 11, 2013, and is ongoing into 2024. The block was in place at the start of our STOP documentation on Jan. 1, 2016.",,MENA
Actual,6/12/2016,Pakistan,"It affected more than one city in the same state, province, or region",Federally Administered Tribal Area (FATA),Shutdown,Mobile,Full network,Executive government,The Pakistan Telecommunication Authority (PTA),Conflict,Conflict between Afghanistan and Pakistan forces,News media article,"https://slate.com/technology/2017/08/the-internet-has-been-shut-down-in-pakistans-fata-for-more-than-a-year.html; https://www.digitalrightsmonitor.pk/mobile-internet-restored-in-former-fatas-kurram-agency/#:~:text=The%20internet%20in%20seven%20districts,border%20joining%20Pakistan%20and%20Afghanistan.;",Ended,12/28/2021,2026,National security/ Counter-terrorism,"In January 2021, while speaking at a rally in Waziristan, Prime Minister Imran Khan announced that 3G/4G internet services will be restored in the district from that day. He said at the ceremony, “I spoke to my security agencies […] we agreed that we need to be cognizant of terrorists using [3G/4G] facility. Despite this, we also thought that it is the need of our young people and that is why this service will become operational from today.”",Yes,Unknown,,https://www.pta.gov.pk/en/media-center/single-media/data-services-restored-in-district-kurram-291221,"In pursuance of Government’s vision of providing internet services across the country, after review of security situation by concerned forums, data services have been restored in District Kurram.

It is pertinent to mention that data services have been restored in six (6) out of seven (7) districts of Erstwhile FATA.

It may be further added the the restoration of data services will help residents to fulfill their educational, health, commerce and communication needs.",No,No,No,No,No,,No,No,"Pakistan: Jazz (Global Telecom), Pakistan: PTCL, Pakistan: Qubee (Augere), Pakistan: Special Communications Organization, Pakistan: Telenor, Pakistan: Wateen Telecom (Abu Dhabi), Pakistan: wi-tribe, Pakistan: Zong (China Mobile)",Unknown,,,No,Unknown,Unknown,"Students, people need healthcare during COVID, and small businesses","While many students staged protests to demand internet access for online classes, a student of National University of Modern Languages (NUML) petitioned the Islamabad High Court (IHC) in April 2020 to restore access in former FATA. The IHC ordered PTA to enable 3G/4G broadband internet as a response, but the Federal Government sought more time to assess security conditions before the restoration. The Court, at the time, said, “This is not occupied Kashmir, therefore people of these areas are free to exercise their constitutionally guaranteed fundamental rights.” It further observed, “It appears that there is no refusal on part of the Federal Government to extend the internet facilities to the inhabitants of [FATA] […]. However, it appears that due to the exceptional conditions that had prevailed in the past, the respective Governments and the Pakistan Telecommunication Authority may require time to develop the infrastructure in some affected areas.”",Unknown,,,https://www.accessnow.org/pakistanis-long-suffered-internet-shutdowns-last-voices-heard/,APAC
Actual,9/15/2016,Indonesia,"It affected locations in more than one state, province, or region",Nationwide,Shutdown,"Broadband, Mobile",Service-based,Executive government,Communications Ministry following a request from police,Information control,,CSO KIO partners,https://explorer.ooni.org/chart/mat?probe_cc=ID&since=2023-01-01&until=2024-04-01&time_grain=day&axis_x=measurement_start_day&test_name=web_connectivity&domain=www.grindr.com; https://ooni.org/post/2023-jordan-blocks-grindr/#conclusion; https://time.com/4496531/indonesia-lgbt-grinder/,Ongoing,,,Other,"Authorities were targeting services that promoted ""sexual deviancy""",Yes,No,,https://tribune.com.pk/story/1182120/indonesia-blocks-gay-apps-sexual-deviancy/,,No,No,No,No,No,"Grindr, Blued, BoyAhoy",No,No,,No,,,No,No,No,LGBTQ groups,,No,,"Grindr and at least two other apps have been blocked in Indonesia since Sep. 15, 2016, and are ongoing into 2024.",,APAC
Estimated,10/28/2016,United Arab Emirates,"It affected locations in more than one state, province, or region",Nationwide,Shutdown,"Broadband, Mobile",Service-based,Unknown,,Information control,,CSO KIO partners,https://explorer.ooni.org/chart/mat?probe_cc=AE&since=2016-01-01&until=2016-12-31&time_grain=day&axis_x=measurement_start_day&test_name=web_connectivity&domain=www.grindr.com; https://ooni.org/post/2023-jordan-blocks-grindr/#conclusion; https://explorer.ooni.org/chart/mat?probe_cc=AE&since=2023-01-01&until=2024-04-01&time_grain=day&axis_x=measurement_start_day&test_name=web_connectivity&domain=www.grindr.com,Ongoing,,,Unknown,,No,No,,,,No,No,No,No,No,Grindr,No,No,,No,,,No,No,No,LGBTQ groups,,No,,"Grindr has been blocked in the United Arab Emirates since at least Oct. 28, 2016, and the block is ongoing into 2024. The blocking is currently implemented by means of TLS interference.",,MENA
Estimated,2/9/2017,Saudi Arabia,"It affected locations in more than one state, province, or region",Nationwide,Shutdown,"Broadband, Mobile",Service-based,Unknown,,Information control,,CSO KIO partners,https://explorer.ooni.org/chart/mat?probe_cc=SA&since=2017-01-01&until=2017-12-31&time_grain=day&axis_x=measurement_start_day&test_name=web_connectivity&domain=www.grindr.com; https://ooni.org/post/2023-jordan-blocks-grindr/#conclusion; https://explorer.ooni.org/chart/mat?probe_cc=SA&since=2023-01-01&until=2024-04-01&time_grain=day&axis_x=measurement_start_day&test_name=web_connectivity&domain=www.grindr.com,Ongoing,,,Unknown,,No,No,,,,No,No,No,No,No,Grindr,No,No,,No,,,No,No,No,LGBTQ groups,,No,,"Grindr has been blocked in Saudi Arabia since at least Feb. 9, 2017, and the block is ongoing into 2024. The blocking is currently implemented by means of TLS interference.",,MENA
Estimated,5/12/2017,Iran (Islamic Republic of),"It affected locations in more than one state, province, or region",Nationwide,Shutdown,"Broadband, Mobile",Service-based,Unknown,,Information control,,CSO KIO partners,https://explorer.ooni.org/chart/mat?probe_cc=IR&since=2017-01-01&until=2017-12-31&time_grain=day&axis_x=measurement_start_day&test_name=web_connectivity&domain=www.grindr.com; https://ooni.org/post/2023-jordan-blocks-grindr/#conclusion; https://explorer.ooni.org/chart/mat?probe_cc=IR&since=2023-01-01&until=2024-04-01&time_grain=day&axis_x=measurement_start_day&test_name=web_connectivity&domain=www.grindr.com,Ongoing,,,Unknown,,No,,,,,No,No,No,No,No,Grindr,No,No,,No,,,No,No,No,LGBTQ groups,,No,,"Grindr has been blocked in Iran since at least May 12, 2017, and is ongoing into 2024.",,MENA
,1/1/2018,Ethiopia,"It affected locations in more than one state, province, or region",All regions except Addis Abeba,Shutdown,Mobile,Full network,Executive government,,Protests,,News media article,https://www.reuters.com/article/us-ethiopia-internet/ethiopia-ends-web-blackout-raising-hopes-of-reforms-under-new-pm-idUSKBN1HN1K9,,4/16/2018,105,National security/ Counter-terrorism,,,,,,,,,,,,,,,,,,,,,,,,,"455,839,300",NA,NA,Africa
,1/2/2018,India,"It only affected one city, county, or village","Bundi Town, Rajasthan",Shutdown,Mobile,Full network,Local government,,Protests,,News media article,https://www.pinkcitypost.com/internet-services-suspended-bundi-following-clashes/,,1/9/2018,7,Fake news/ Hate speech/ Incendiary content/ Promoting violence,,,,,,,,,,,,,,,,,,,,,,,,,"1,679,389",Religious gathering,NA,APAC
,1/3/2018,India,"It only affected one city, county, or village",Aurangabad district of Maharashtra,Shutdown,"Broadband, Mobile",Full network,Local government,,Communal violence,,News media article,https://www.oneindia.com/india/maharashtra-bandh-internet-services-suspended-in-aurangabad-2612897.html,Unknown,,,Fake news/ Hate speech/ Incendiary content/ Promoting violence,,,,,,,,,,,,,,,,,,,,,,,,,"$768,292",,,APAC
,1/3/2018,India,"It only affected one city, county, or village",Kolhapur district of Maharashtra,Shutdown,"Broadband, Mobile",Full network,Local government,,Protests,,News media article,http://www.asianage.com/metros/mumbai/040118/16-firs-registered-over-300-detained-in-mumbai-after-maharashtra-bandh.html,,1/4/2018,1,Public safety/ Quell unrest/ Restore public order,,,,,,,,,,,,,,,,,,,,,,,,,"390,133",,,APAC
,1/8/2018,India,"It only affected one city, county, or village","Budgam, Kashmir",Shutdown,Mobile,Full network,Local government,,Political instability,,News media article,http://www.greaterkashmir.com/news/kashmir/chadoora-gunfight-internet-service-suspended-in-budgam/271568.html,,,,Fake news/ Hate speech/ Incendiary content/ Promoting violence,,,,,,,,,,,,,,,,,,,,,,,,,,,,APAC
,1/9/2018,Philippines,"It only affected one city, county, or village","Quiapo, Manila, and Cavite",Shutdown,Mobile,Full network,Executive government,,Other,,News media article,https://technology.inquirer.net/71126/globe-mobile-services-suspended-quiapo-january-9-black-nazarene-procession,,1/9/2018,1,Public safety/ Quell unrest/ Restore public order,,,,,,,,,,,,,,,,,,,,,,,,,"3,011,350",Black Nazarene procession.,,APAC
,1/10/2018,India,"It affected more than one city in the same state, province, or region","Southern Kashmir division, Jammu & Kashmir province",Shutdown,"Broadband, Mobile",Full network,State government,,Protests,,News media article,http://www.uniindia.com/strike-cripples-life-in-some-areas-of-south-kashmir-internet-suspended/states/news/1101530.html,,,,Public safety/ Quell unrest/ Restore public order,,,,,,,,,,,,,,,,,,,,,,,,,,,,APAC
,1/21/2018,Congo (Democratic Republic of the),"It affected locations in more than one state, province, or region","Goma, Bukavu, Kinshasa",Shutdown,"Broadband, Mobile",Full network,Executive government,,Protests,,News media article,https://www.news24.com/Africa/News/dr-congo-blocks-internet-ahead-of-banned-protests-20180121,,1/24/2018,3,Public safety/ Quell unrest/ Restore public order,,,,,,,,,,,,,Yes,,,,,,,,,,,,"968,171",Church-organized protests against President Kabila.,,Africa
,1/24/2018,India,"It affected more than one city in the same state, province, or region","Pulwama, Anantnag, Kulgam and Shopian districts of south Kashmir",Throttle,"Broadband, Mobile",Full network,State government,,Protests,,News media article,https://www.thekashmirmonitor.net/shopian-killings-valley-shuts-mourning/,,,,National security/ Counter-terrorism,,,,,,,,,,,,,,,,,,,,,,,,,,,,APAC
,1/25/2018,Chad,"It affected locations in more than one state, province, or region",Nationwide,Shutdown,"Broadband, Mobile",Full network,Executive government,,Protests,,News media article,http://www.itwebafrica.com/ict-and-governance/367-chad/242590-chad-restores-internet-access-after-shutdown,,1/26/2018,1,National security/ Counter-terrorism,,,,,,,,,,,,,,,,,,,,,,,,,,,,Africa
,1/25/2018,India,"It affected more than one city in the same state, province, or region","Kashmir division, Jammu & Kashmir province",Shutdown,Mobile,Full network,State government,,Protests,,News media article,http://www.uniindia.com/mobile-internet-services-suspended-in-kashmir/states/news/1117839.html,,,,National security/ Counter-terrorism,,,,,,,,,,,,,,,,,,,,,,,,,,,,APAC
,1/27/2018,India,"It affected more than one city in the same state, province, or region",Kasganj district and west of Uttar Pradesh,Shutdown,"Broadband, Mobile",Full network,State government,,Protests,,News media article,"https://www.news18.com/news/india/kasganj-49-arrested-borders-sealed-and-internet-shut-down-after-second-day-of-violence-1643427.html, https://www.outlookindia.com/website/story/fresh-violence-in-ups-kasganj-city-shops-and-buses-torched/307433",,1/28/2018,1,Fake news/ Hate speech/ Incendiary content/ Promoting violence,,,,,,,,,,,,,,,,,,,,,,,,,,,,APAC
,1/28/2018,India,"It affected more than one city in the same state, province, or region","Kashmir valley outside of Pulwama, Anantnag, Kulgam and Shopian districts in Jammu and Kashmir State",Throttle,"Broadband, Mobile",Full network,State government,,Protests,,News media article,https://www.deccanchronicle.com/nation/current-affairs/280118/2-youth-killed-army-firing-internet-suspended-kashmir-separatists-stri.html,,,,Public safety/ Quell unrest/ Restore public order,,,,,,,,,,,,,,,,,,,,,,,,,,,,APAC
,1/28/2018,India,"It affected more than one city in the same state, province, or region","Pulwama, Anantnag, Kulgam and Shopian districts in Jammu and Kashmir State",Throttle,"Broadband, Mobile",Full network,State government,,Protests,,News media article,https://www.deccanchronicle.com/nation/current-affairs/280118/2-youth-killed-army-firing-internet-suspended-kashmir-separatists-stri.html,,,,Public safety/ Quell unrest/ Restore public order,,,,,,,,,,,,,,,,,,,,,,,,,,A strike called to protest the (claimed) killing of two young people by the army.,,APAC
,2/3/2018,India,"It only affected one city, county, or village","Baramulla city (perhaps including environs), Jammu & Kashmir State",Shutdown,Mobile,Full network,Local government,,Political instability,,News media article,http://www.risingkashmir.com/news/internet-restored-in-north-kashmir,,2/4/2018,1,Unknown,,,,,,,,,,,,,,,,,,,,,,,,,,,,APAC
,2/8/2018,South Korea,"It only affected one city, county, or village","Pyeongchang County, Gangwon Province",Shutdown,"Broadband, Mobile",Full network,Non-government,,Other,,News media article,https://www.nytimes.com/2018/02/12/technology/winter-olympic-games-hack.html,,2/11/2018,3,Unknown,,,,,,,,,,,,TeleCast,,,,,,,,,,,,,,,,APAC
,2/11/2018,India,"It affected more than one city in the same state, province, or region","Jalore, Dhaulpur, Bikaner, Sikar, Karauli in Rajasthan",Shutdown,"Broadband, Mobile",Full network,State government,,Exam cheating,,CSO KIO partners,https://sflc.in/rti-reply-rajasthan-home-department-reveals-21-unreported-internet-shutdowns,,,,School Exams,,,,,,,,,,,,,,,,,,,,,,,,,,RTI Request,,APAC
,2/11/2018,Bangladesh,"It affected locations in more than one state, province, or region",Nationwide,Throttle,"Broadband, Mobile",Full network,Executive government,,Exam cheating,,News media article,https://bdnews24.com/bangladesh/2018/02/12/btrc-reverses-internet-outage-plan-to-fight-ssc-question-leaks,,2/11/2018,0.02,School Exams,,,,,,,,,,,,,,,,,,,,,,,,,,,,APAC
,2/11/2018,Bangladesh,"It affected locations in more than one state, province, or region",Nationwide,Throttle,"Broadband, Mobile",Full network,Executive government,,Unknown,,News media article,https://bdnews24.com/bangladesh/2018/02/12/btrc-reverses-internet-outage-plan-to-fight-ssc-question-leaks,,2/11/2018,0,Unknown,,,,,,,,,,,,,,,,,,,,,,,,,,,,APAC
,2/12/2018,India,"It only affected one city, county, or village","Srinagar city, Kashmir",Throttle,Mobile,Full network,Executive government,,Political instability,,News media article,https://www.greaterkashmir.com/news/kashmir/high-speed-mobile-internet-service-suspended-in-srinagar-as-gunfight-rages-in-karan-nagar/275530.html,,2/13/2018,1,National security/ Counter-terrorism,,,,,,,,,,,,,,,,,,,,,,,,,,,,APAC
,2/16/2018,India,"It only affected one city, county, or village",Firozabad,Shutdown,Mobile,Full network,Local government,,Other,,News media article,http://indianexpress.com/article/india/firozabad-three-bjym-members-booked-for-assaulting-police-two-muslims-5068285/,,2/17/2018,1,Fake news/ Hate speech/ Incendiary content/ Promoting violence,,,,,,,,,,,,,,,,,,,,,,,,,,,,APAC
,2/18/2018,India,"It only affected one city, county, or village","Tonk, Rajasthan",Shutdown,Mobile,Full network,Local government,,Communal violence,,News media article,https://www.business-standard.com/article/pti-stories/raj-mobile-internet-services-suspended-for-24-hrs-after-two-communities-clash-118021800622_1.html,,2/19/2018,1,Public safety/ Quell unrest/ Restore public order,,,,,,,,,,,,,,,,,,,,,,,,,,,,APAC
,2/25/2018,Congo (Democratic Republic of the),"It affected locations in more than one state, province, or region",Nationwide,Shutdown,"Broadband, Mobile",Full network,Executive government,,Protests,,News media article,https://twitter.com/lawyerpants/status/967800749735534593,,2/25/2018,0.42,Unknown,,,,,,,,,,,,,Yes,,,,,,,,,,,,,,,Africa
,3/1/2018,India,"It only affected one city, county, or village",Bandipora district of Jammu and Kashmir,Shutdown,Mobile,Full network,Local government,,Political instability,,News media article,https://kashmirreader.com/2018/03/02/another-pakistani-militant-killed-in-hajin/,,3/2/2018,1,Unknown,,,,,,,,,,,,,,,,,,,,,,,,,,,,APAC
,3/4/2018,India,"It affected more than one city in the same state, province, or region",Shopian and Pulwama districts of Jammu and Kashmir and the rest of the valley,Throttle,Mobile,Full network,Local government,,Political instability,,News media article,http://www.risingkashmir.com/news/kashmir-on-boil-after-six-killings--320785.html,,3/6/2018,2,Unknown,,,,,,,,,,,,,,,,,,,,,,,,,,,,APAC
,3/7/2018,Ethiopia,"It affected more than one city in the same state, province, or region",Oromia region,Shutdown,"Broadband, Mobile",Full network,Executive government,,Protests,,News media article,http://www.africanews.com/2018/03/21/unexplained-internet-blackout-in-ethiopia-s-oromia-region//,,4/16/2018,40,Unknown,,,,,,,,,,,,,,,,,,,,,,,,,,,,Africa
,3/7/2018,Sri Lanka,"It affected locations in more than one state, province, or region",Nationwide,Shutdown,"Broadband, Mobile",Service-based,Executive government,,Communal violence,,News media article,https://www.reuters.com/article/us-sri-lanka-clashes-socialmedia/sri-lanka-lifts-ban-on-facebook-imposed-after-spasm-of-communal-violence-idUSKCN1GR31R,,3/15/2018,8,Fake news/ Hate speech/ Incendiary content/ Promoting violence,,,,,,,Yes,,Yes,,,Viber,,,,,,,,,,,,,,,,APAC
,3/8/2018,India,"It only affected one city, county, or village",Baramula and Delina area,Shutdown,"Broadband, Mobile",Full network,Local government,,Political instability,,News media article,https://kashmirlife.net/internet-services-snapped-in-baramulla-district-167494/,,3/9/2018,1,Public safety/ Quell unrest/ Restore public order,,,,,,,,,,,,,,,,,,,,,,,,,,,,APAC
,3/12/2018,India,"It only affected one city, county, or village",Srinagar and south Kashmir area,Throttle,"Broadband, Mobile",Full network,Local government,,Political instability,,News media article,https://kashmirlife.net/hakoora-gunfight-internet-services-suspended-in-srinagar-167889/,,3/13/2018,1,Public safety/ Quell unrest/ Restore public order,,,,,,,,,,,,,,,,,,,,,,,,,,,,APAC
,3/15/2018,Kazakhstan,"It affected locations in more than one state, province, or region",Nationwide,Throttle,"Broadband, Mobile",Full network,Executive government,,Information control,,News media article,https://eurasianet.org/kazakhstan-is-throttling-the-internet-when-the-presidents-rival-is-online,Ongoing,,,Unknown,,,,,,,,,,,,,,,,,,,,,,,,,,,,EECA
,3/17/2018,India,"It only affected one city, county, or village",Bhagalpur district of Bihar,Shutdown,"Broadband, Mobile",Full network,Local government,,Communal violence,,News media article,https://www.business-standard.com/article/politics/union-mos-ashwini-choubey-s-son-booked-for-communal-clashes-in-bhagalpur-118031900194_1.html,,3/19/2018,2,Public safety/ Quell unrest/ Restore public order,,,,,,,,,,,,,,,,,,,,,,,,,,,,APAC
,3/18/2018,India,"It only affected one city, county, or village","Tonk, Rajasthan",Shutdown,"Broadband, Mobile",Full network,Local government,,Communal violence,,News media article,https://swarajyamag.com/insta/stones-pelted-from-mosque-on-hindu-rally-in-rajasthans-tonk-several-including-cops-injured,,3/19/2018,1,Public safety/ Quell unrest/ Restore public order,,,,,,,,,,,,,,,,,,,,,,,,,,,,APAC
,3/21/2018,Pakistan,"It only affected one city, county, or village","Islamabad, Rawalpindi",Shutdown,Mobile,Full network,Executive government,,Other,,News media article,https://www.samaa.tv/news/2018/03/mobile-phone-islamabad-traffic-plan/,,3/21/2018,0.21,Public safety/ Quell unrest/ Restore public order,,,,,,,,,,,,,,,,,,,,,,,,,,,,APAC
,3/23/2018,Pakistan,"It only affected one city, county, or village","Islamabad, Rawalpindi",Shutdown,Mobile,Full network,Judiciary,,Other,,News media article,https://www.researchsnipers.com/careem-and-uber-services-will-suspend-on-23rd-march-2018/,,3/23/2018,0.21,Public safety/ Quell unrest/ Restore public order,,,,,,,,,,,,,,,,,,,,,,,,,,,,APAC
,3/24/2018,India,"It only affected one city, county, or village",Odisha's Bhadrak district,Shutdown,"Broadband, Mobile",Full network,Local government,,Unknown,,News media article,https://odishasuntimes.com/internet-services-suspended-in-odishas-bhadrak-ahead-of-ram-navami/,,3/26/2018,2,Public safety/ Quell unrest/ Restore public order,,,,,,,,,,,,,,,,,,,,,,,,,,,,APAC
,3/24/2018,India,"It affected more than one city in the same state, province, or region",Kulgam & Anantnag districts of Jammu & Kashmir,Shutdown,Mobile,Full network,Local government,,Political instability,,News media article,https://www.greaterkashmir.com/news/kashmir/dooru-gunfight-over-two-militants-killed-jammu-and-kashmir-police/279726.html,,3/25/2018,1,National security/ Counter-terrorism,,,,,,,,,,,,,,,,,,,,,,,,,,,,APAC
,3/24/2018,India,"It only affected one city, county, or village","Sikar, Rajasthan",Shutdown,Mobile,Full network,State government,,Communal violence,,CSO KIO partners,https://sflc.in/rti-reply-rajasthan-home-department-reveals-21-unreported-internet-shutdowns,,3/25/2018,1,Public safety/ Quell unrest/ Restore public order,,,,,,,,,,,,,,,,,,,,,,,,,,RTI Request,,APAC
,3/25/2018,India,"It affected more than one city in the same state, province, or region",Baramulla and Badgam districts of Jammu & Kashmir,Shutdown,Mobile,Full network,Local government,,Unknown,,News media article,http://www.uniindia.com/news/states/let-militant-killed-by-forces-in-brief-encounter-in-kashmir/1178933.html,,,,Public safety/ Quell unrest/ Restore public order,,,,,,,,,,,,,,,,,,,,,,,,,,,,APAC
,3/26/2018,India,"It only affected one city, county, or village",Aurangabad district of Bihar,Shutdown,"Broadband, Mobile",Full network,Local government,,Communal violence,,News media article,https://www.hindustantimes.com/india-news/prohibitory-orders-clamped-in-bihar-s-aurangabad-after-communal-clashes/story-eh0qHMNmkAsZt2oRK3cSKK.html,,3/26/2018,1,Fake news/ Hate speech/ Incendiary content/ Promoting violence,,,,,,,,,,,,,,,,,,,,,,,,,,,,APAC
,3/28/2018,Chad,"It affected locations in more than one state, province, or region",Nationwide,Shutdown,"Broadband, Mobile",Full network,Executive government,,Protests,,News media article,https://qz.com/1247234/chad-has-blocked-social-messaging-apps-bbc-amid-political-and-economic-anxiety/,Ongoing,,,Unknown,,,,,,,,,,,,,,,,,,,,,,,,,,,,Africa
,3/28/2018,India,"It only affected one city, county, or village","Asansol and Raniganj, West Bengal",Shutdown,Mobile,Full network,State government,,Communal violence,,News media article,https://www.ndtv.com/india-news/under-control-say-police-on-violence-in-bengals-asansol-1829946,,,,Public safety/ Quell unrest/ Restore public order,,,,,,,,,,,,,,,,,,,,,,,,,,,,APAC
,3/29/2018,India,"It only affected one city, county, or village","Samastipur, Bihar",Shutdown,Mobile,Full network,Unknown,,Communal violence,,News media article,http://www.newindianexpress.com/nation/2018/mar/29/bihar-communal-violence-two-bjp-leaders-held-1794291.html,,,,Public safety/ Quell unrest/ Restore public order,,,,,,,,,,,,,,,,,,,,,,,,,,,,APAC
,3/30/2018,India,"It only affected one city, county, or village","Bundi Town, Rajasthan",Shutdown,"Broadband, Mobile",Full network,Local government,,Communal violence,,News media article,https://timesofindia.indiatimes.com/city/jaipur/markets-in-bundi-open-after-govt-assurance/articleshow/63538541.cms,,3/31/2018,1,Fake news/ Hate speech/ Incendiary content/ Promoting violence,,,,,,,,,,,,,,,,,,,,,,,,,,,,APAC
,3/30/2018,India,"It only affected one city, county, or village",Nawada district of BIhar,Shutdown,"Broadband, Mobile",Full network,Local government,,Communal violence,,News media article,https://www.news18.com/news/india/idol-vandalised-in-bihars-nawada-sparks-communal-violence-again-1703689.html,,,,Fake news/ Hate speech/ Incendiary content/ Promoting violence,,,,,,,,,,,,,,,,,,,,,,,,,,,,APAC
,3/31/2018,Sierra Leone,"It affected locations in more than one state, province, or region",Nationwide,Shutdown,"Broadband, Mobile",Full network,Executive government,,Information control,,News media article,"http://www.africanews.com/2018/04/01/why-sierra-leone-temporarily-shutdown-internet-after-runoff-vote/, https://twitter.com/UmaruFofana/status/980342808627286016?ref_src=twsrc%5Etfw",,4/1/2018,1,Unknown,,,,,,,,,,,,,,,,,,,,,,,,,,,,Africa
,3/31/2018,India,"It only affected one city, county, or village",Jaitaran,Shutdown,"Broadband, Mobile",Full network,Local government,,Other,,News media article,http://www.timesnownews.com/india/article/rajasthan-jaitaran-clashes-erupt-pali-district-hanuman-jayanti-procession-section-144-internet-suspended-arson/212788,,,,Public safety/ Quell unrest/ Restore public order,,,,,,,,,,,,,,,,,,,,,,,,,,,,APAC
,4/1/2018,India,"It affected more than one city in the same state, province, or region",South Kashmir valley of Jammu & Kashmir,Shutdown,"Broadband, Mobile",Full network,Local government,,Political instability,,News media article,https://www.thequint.com/hotwire-text/11-militants-killed-in-j-k-gunfights,,4/1/2018,1,Public safety/ Quell unrest/ Restore public order,,,,,,,,,,,,,,,,,,,,,,,,,,,,APAC
,4/1/2018,India,"It affected more than one city in the same state, province, or region",Punjab,Shutdown,Mobile,Full network,State government,,Protests,,News media article,http://www.dailypioneer.com/state-editions/chandigarh/punjab-to-shut-down-today.html,,4/2/2018,1,Public safety/ Quell unrest/ Restore public order,,,,,,,,,,,,,Yes,,,,,,,,,,,,,,,APAC
,4/2/2018,India,"It affected more than one city in the same state, province, or region","Sriganganagar, Hanumangarh districts, Jalore, Barmer, Sikar, Alwar, Ahore districts of Rajasthan,  Gwalior, Morena, Bhind districts of Madhya Pradesh",Shutdown,"Broadband, Mobile",Full network,Local government,,Protests,,News media article,"https://economictimes.indiatimes.com/news/politics-and-nation/sc/st-protest-additional-forces-deployed-in-rajasthan-internet-suspended-in-some-areas/articleshow/63580622.cms, https://sflc.in/rti-reply-rajasthan-home-department-reveals-21-unreported-internet-shutdowns",,,,Public safety/ Quell unrest/ Restore public order,,,,,,,,,,,,,,,,,,,,,,,,,,,,APAC
,4/2/2018,India,"It affected locations in more than one state, province, or region","West Bengal, Jammu and Kashmir, Uttar Pradesh, Madhya Pradesh, Punjab and Rajasthan.",Throttle,"Broadband, Mobile",Full network,State government,,Protests,,,"https://scroll.in/article/874354/in-madhya-pradesh-district-where-three-dead-dalits-say-upper-caste-men-fired-on-them-unprovoked, https://scroll.in/article/874085/bengal-communal-clashes-provided-the-perfect-cover-for-mobs-to-loot-shops-and-ransack-homes, https://scroll.in/article/874565/internet-shutdown-most-states-continue-to-block-services-without-adhering-to-the-centres-new-rules",,4/14/2018,12,Public safety/ Quell unrest/ Restore public order,,,,,,,,,,,,,,,,,,,,,,,,,,,,APAC
,4/3/2018,India,"It affected more than one city in the same state, province, or region","Shupiyan, Pulwama, Kulgam and Anantnag and Ganderbal district of Central Kashmir",Shutdown,Mobile,Full network,Local government,,Political instability,,News media article,https://scroll.in/latest/874410/jammu-and-kashmir-exams-postponed-train-services-suspended-as-state-remains-on-tenterhooks,,,,Public safety/ Quell unrest/ Restore public order,,,,,,,,,,,,,,,,,,,,,,,,,,,,APAC
,4/9/2018,India,"It affected more than one city in the same state, province, or region","Gwalior, Bhind, Morena and Jabalpur districts of Madhya Pradesh",Shutdown,"Broadband, Mobile",Full network,Local government,,Communal violence,,News media article,http://www.india.com/news/india/bharat-bandh-on-april-10-heavy-security-in-madhya-pradesh-rajasthan-in-wake-of-call-for-shutdown-internet-suspended-in-sensitive-cities-2991276/,,,,Fake news/ Hate speech/ Incendiary content/ Promoting violence,,,,,,,,,,,,,,,,,,,,,,,,,,,,APAC
,4/9/2018,India,"It only affected one city, county, or village","Jaipur, Rajasthan",Shutdown,Mobile,Full network,State government,,Communal violence,,News media article,https://sflc.in/rti-reply-rajasthan-home-department-reveals-21-unreported-internet-shutdowns,,4/10/2018,1,Public safety/ Quell unrest/ Restore public order,,,,,,,,,,,,,,,,,,,,,,,,,,,,APAC
,4/10/2018,India,"It only affected one city, county, or village",UP’s Saharanpur,Shutdown,"Broadband, Mobile",Full network,Local government,,Communal violence,,News media article,http://indianexpress.com/article/india/bharat-bandh-live-updates-caste-based-reservation-sc-st-act-dalits-5131094/?#liveblogstart,,,,Fake news/ Hate speech/ Incendiary content/ Promoting violence,,,,,,,,,,,,,,,,,,,,,,,,,,,,APAC
,4/10/2018,India,"It affected more than one city in the same state, province, or region","Karauli, Rajasthan",Shutdown,"Broadband, Mobile",Full network,State government,,Communal violence,,CSO KIO partners,https://sflc.in/rti-reply-rajasthan-home-department-reveals-21-unreported-internet-shutdowns,,4/11/2018,1,Fake news/ Hate speech/ Incendiary content/ Promoting violence,,,,,,,,,,,,,,,,,,,,,,,,,,RTI Request,,APAC
,4/11/2018,India,"It affected more than one city in the same state, province, or region",Anantnag & Kulgam districts of Jammu & Kashmir,Shutdown,Mobile,Full network,Local government,,Political instability,,News media article,https://www.business-standard.com/article/news-ani/kulgam-encounter-mobile-internet-services-suspended-118041100183_1.html,,,,National security/ Counter-terrorism,,,,,,,,,,,,,,,,,,,,,,,,,,,,APAC
,4/13/2018,Yemen,"It only affected one city, county, or village",Ma'rib City,Shutdown,"Broadband, Mobile",Full network,Non-government,,Unknown,,News media article,https://www.yemenakhbar.com/1394721,,4/14/2018,1,Unknown,,,,,,,,,,,,,,,,,,,,,,,,,,,,MENA
,4/13/2018,Russian Federation,"It affected locations in more than one state, province, or region",Nationwide,Shutdown,"Broadband, Mobile",Service-based,Judiciary,,Information control,,News media article,https://www.nytimes.com/2018/04/13/world/europe/russia-telegram-encryption.html?action=click&contentCollection=Europe&module=RelatedCoverage&region=Marginalia&pgtype=article,Ongoing,,,National security/ Counter-terrorism,,,,,,,,,,,Yes,,,,,,,,,,,,,,,,,EECA
,4/14/2018,India,"It affected more than one city in the same state, province, or region","Kapurthala, Jalandhar, Hoshiarpur and Sahid Bhagat Singh Nagar districts of Punjab",Shutdown,"Broadband, Mobile",Full network,Local government,,Communal violence,,News media article,https://timesofindia.indiatimes.com/india/phagwara-clashes-mobile-internet-sms-services-suspended-in-4-punjab-districts/articleshow/63762941.cms,,4/16/2018,2,Public safety/ Quell unrest/ Restore public order,,,,,,,,,,,,,Yes,,,,,,,,,,,,,,,APAC
,4/14/2018,India,"It only affected one city, county, or village","Karauli, Rajasthan",Shutdown,Mobile,Full network,State government,,Communal violence,,CSO KIO partners,https://sflc.in/rti-reply-rajasthan-home-department-reveals-21-unreported-internet-shutdowns,,4/14/2018,0.5,Public safety/ Quell unrest/ Restore public order,,,,,,,,,,,,,,,,,,,,,,,,,,RTI Request,,APAC
,4/14/2018,India,"It only affected one city, county, or village","Meerut, Uttar Pradesh",Shutdown,Mobile,Full network,State government,,Communal violence,,News media article,https://www.hindustantimes.com/india-news/internet-suspended-meerut-on-high-alert-for-ambedkar-jayanti/story-8fjGW8CuhLXRf865KtA4fL.html,,4/15/2018,1,Public safety/ Quell unrest/ Restore public order,,,,,,,,,,,,,Yes,,,,,,,,,,,,,,,APAC
,4/17/2018,India,"It affected more than one city in the same state, province, or region","Kathua, Samba, and Jammu districts of Jammu & Kashmir",Shutdown,Mobile,Full network,Local government,,Communal violence,,News media article,http://www.greaterkashmir.com/news/jammu/mobile-internet-service-suspended-in-jammu-after-stone-pelting-protests/282276.html,,,,Public safety/ Quell unrest/ Restore public order,,,,,,,,,,,,,,,,,,,,,,,,,,,,APAC
,4/20/2018,India,"It affected more than one city in the same state, province, or region","Srinagar, Kulgam, Pulwama and Islamabad districts of Jammu & Kashmir",Shutdown,Mobile,Full network,Local government,,Communal violence,,News media article,https://kashmirlife.net/high-speed-internet-services-suspended-in-kashmir-parts-172149/,,4/20/2018,0,Fake news/ Hate speech/ Incendiary content/ Promoting violence,,,,,,,,,,,,,,,,,,,,,,,,,,,,APAC
,4/20/2018,India,"It only affected one city, county, or village",Rajouri district of Jammu & Kashmir,Shutdown,Mobile,Full network,Local government,,Communal violence,,,https://www.firstpost.com/india/mobile-internet-services-suspended-in-jammu-and-kashmirs-rajouri-after-youths-death-sparks-tension-4439965.html,,,,Public safety/ Quell unrest/ Restore public order,,,,,,,,,,,,,,,,,,,,,,,,,,,,APAC
,4/24/2018,India,"It only affected one city, county, or village",Tral and Awantipora areas of Pulwama district located in Jammu & Kashmir,Shutdown,Mobile,Full network,Local government,,Political instability,,News media article,https://kashmirlife.net/mobile-internet-suspended-in-awantipora-tral-172696/,,,,National security/ Counter-terrorism,,,,,,,,,,,,,,,,,,,,,,,,,,,,APAC
,4/26/2018,Iraq,"It affected locations in more than one state, province, or region",Nationwide,Shutdown,"Broadband, Mobile",Service-based,Executive government,,Information control,,Social media,"https://twitter.com/InternetIntel/status/991334539388772353, https://www.nytimes.com/2018/05/01/world/middleeast/iran-telegram-app-russia.html",Ongoing,,,National security/ Counter-terrorism,,,,,,,,,,,Yes,,,,,,,,,,,,,,,,,MENA
,4/27/2018,Indonesia,"It affected locations in more than one state, province, or region",Nationwide,Shutdown,"Broadband, Mobile",Service-based,Executive government,,Information control,,Social media,https://twitter.com/InternetIntel/status/991334539388772353,Ongoing,,,National security/ Counter-terrorism,,,,,,,,,,,Yes,,,,,,,,,,,,,,,,,APAC
,4/28/2018,Turkey,"It affected locations in more than one state, province, or region",Nationwide,Shutdown,"Broadband, Mobile",Service-based,Executive government,,Information control,,Social media,https://twitter.com/InternetIntel/status/991334539388772354,Ongoing,,,National security/ Counter-terrorism,,,,,,,,,,,Yes,,,,,,,,,,,,,,,,,MENA
,4/29/2018,India,"It affected more than one city in the same state, province, or region","Jalandhar, Hoshiarpur, Kapurthala and SBS Nagar of Punjab",Shutdown,Mobile,Full network,Local government,,Communal violence,,News media article,http://www.newindianexpress.com/nation/2018/apr/29/punjab-phagwara-again-tense-after-dalit-youth-injured-in-clash-died-mobile-internet-services-suspe-1807929.html,,4/30/2018,1,Fake news/ Hate speech/ Incendiary content/ Promoting violence,,,,,,,,,,,,,,,,,,,,,,,,,,,,APAC
,4/30/2018,Côte d'Ivoire,"It affected locations in more than one state, province, or region",Nationwide,Shutdown,"Broadband, Mobile",Full network,Non-government,,Unknown,,,https://www.reuters.com/article/ivorycoast-orange/update-2-orange-official-calls-ivory-coast-telecoms-fire-act-of-sabotage-idUSL5N1SM58P,,5/20/2018,20,Sabotage/ Third-party Action,,,,,,,,,,,,,,Yes,,,,,,,,,,,,,,Africa
,4/30/2018,India,"It affected more than one city in the same state, province, or region",South Kashmir districts,Shutdown,Mobile,Full network,Local government,,Protests,,News media article,https://www.thekashmirmonitor.net/kashmir-shuts-against-pulwama-killings/,,,,Public safety/ Quell unrest/ Restore public order,,,,,,,,,,,,,,,,,,,,,,,,,,,,APAC
,5/4/2018,India,"It only affected one city, county, or village",Aligarh Muslim University,Shutdown,"Broadband, Mobile",Full network,Local government,,Protests,,News media article,https://www.indiatoday.in/india/story/amu-students-boycott-classes-over-jinnah-portrait-row-internet-services-suspended-1226417-2018-05-04,,5/5/2018,1,Public safety/ Quell unrest/ Restore public order,,,,,,,,,,,,,,,,,,,,,,,,,,,,APAC
,5/5/2018,India,"It affected more than one city in the same state, province, or region",Srinagar and Ganderbal districts of North Kashmir and all districts of South Kashmir,Shutdown,Mobile,Full network,Local government,,Protests,,News media article,http://www.thehindu.com/news/national/other-states/srinagar-encounter-on-in-chattabal-area/article23781857.ece,,,,Public safety/ Quell unrest/ Restore public order,,,,,,,,,,,,,,,,,,,,,,,,,,,,APAC
,5/9/2018,India,"It only affected one city, county, or village",Sahranpur district of Uttar Pradesh,Shutdown,"Broadband, Mobile",Full network,Local government,,Other,,News media article,https://www.financialexpress.com/india-news/saharanpur-tense-after-bhim-army-activist-killed-during-maharana-pratap-jayanti-celebrations-internet-services-suspended/1162109/,,,,Public safety/ Quell unrest/ Restore public order,,,,,,,,,,,,,,,,,,,,,,,,,,,,APAC
,5/11/2018,Iraq,"It affected locations in more than one state, province, or region",Nationwide,Shutdown,"Broadband, Mobile",Full network,Unknown,,Elections,,Social media,https://twitter.com/IN4SM/status/995023510518059008,,5/11/2018,0.25,Unknown,,,,,,,,,,,,,,,,,,,,,,,,,,,,MENA
,5/11/2018,India,"It only affected one city, county, or village",Badgam district of Central Kashmir,Shutdown,"Broadband, Mobile",Full network,Local government,,Political instability,,News media article,https://kashmirlife.net/authorities-suspended-internet-services-in-budgam-after-militant-attack-174562/,,,,Public safety/ Quell unrest/ Restore public order,,,,,,,,,,,,,,,,,,,,,,,,,,,,APAC
,5/12/2018,India,"It affected more than one city in the same state, province, or region",Hatshyampur in Jhabreda block of Haridwar,Shutdown,"Broadband, Mobile",Full network,Local government,,Communal violence,,News media article,https://www.hindustantimes.com/dehradun/dalit-youth-killed-allegedly-over-use-of-canal-water-in-haridwar-village/story-1gDYcUM0u9AM3OmaGo2BIN.html,,,,Fake news/ Hate speech/ Incendiary content/ Promoting violence,,,,,,,,,,,,,,,,,,,,,,,,,,,,APAC
,5/12/2018,India,"It only affected one city, county, or village",Aurangabad district of Maharashtra,Shutdown,"Broadband, Mobile",Full network,Local government,,Communal violence,,News media article,https://www.newsx.com/national/aurangabad-clash-water-dispute-groups-clash-with-police-1-dead-in-aurangabad-clash-fresh-clash-in-maharashtra-illegal-water-connection-mumbai-police-aurangabad-maharashtra-clashes,,5/12/2018,0,Public safety/ Quell unrest/ Restore public order,,,,,,,,,,,,,,,,,,,,,,,,,,,,APAC
,5/12/2018,India,"It only affected one city, county, or village",Pulwama district in Jammu and Kashmir,Shutdown,"Broadband, Mobile",Full network,Local government,,Political instability,,News media article,https://www.business-standard.com/article/current-affairs/crpf-trooper-killed-civilian-injured-in-pulwama-gunfight-militants-escape-118051200118_1.html,,,,Fake news/ Hate speech/ Incendiary content/ Promoting violence,,,,,,,,,,,,,,,,,,,,,,,,,,,,APAC
,5/19/2018,India,"It affected more than one city in the same state, province, or region",Jammu and Kashmir,Shutdown,Mobile,Full network,Local government,,Other,,News media article,http://www.newindianexpress.com/nation/2018/may/19/internet-suspended-schools-closed-ahead-of-pm-modis-visit-in-jammu--kashmir-1816732.html,,5/20/2018,1,Public safety/ Quell unrest/ Restore public order,,,,,,,,,,,,,,,,,,,,,,,,,,,,APAC
,5/24/2018,India,"It affected more than one city in the same state, province, or region","Thoothukudi, Tirunelveli and Kanyakumari",Shutdown,"Broadband, Mobile",Full network,Unknown,,Protests,,News media article,https://www.thenewsminute.com/article/thoothukudi-simmers-tn-asks-internet-providers-cut-data-services-3-districts-81813,,5/27/2018,3,Fake news/ Hate speech/ Incendiary content/ Promoting violence,,,,,,,,,,,,,,,,,,,,,,,,,,,,APAC
,5/27/2018,Syrian Arab Republic,"It affected locations in more than one state, province, or region",Nationwide,Shutdown,"Broadband, Mobile",Full network,Executive government,,Exam cheating,,Social media,"https://twitter.com/InternetIntel/status/1001458878142349313, https://twitter.com/InternetIntel/status/1001054110173552640",,6/12/2018,Curfew Style,School Exams,,,,,,,,,,,,,,,,,,,,,,,,,,,,MENA
,5/27/2018,India,"It only affected one city, county, or village",Pulwama district of Jammu & Kashmir,Throttle,Mobile,Full network,Local government,,Communal violence,,News media article,http://risingkashmir.in/news/internet-snapped-train-service-suspended-from-srinagar-to-banihal-326645.html,,,,Public safety/ Quell unrest/ Restore public order,,,,,,,,,,,,,,,,,,,,,,,,,,,,APAC
,5/31/2018,Iraq,"It affected locations in more than one state, province, or region",Nationwide,Shutdown,"Broadband, Mobile",Full network,Executive government,,Exam cheating,,Social media,https://twitter.com/InternetIntel/status/1002206333809065985,,5/31/2018,Curfew Style,School Exams,,,,,,,,,,,,,,,,,,,,,,,,,,,,MENA
,6/1/2018,India,"It only affected one city, county, or village","Motphran, Mawkhar and adjoining areas of Shillong in East Khasi hills district of Meghalaya",Shutdown,"Broadband, Mobile",Full network,Local government,,Communal violence,,News media article,https://www.financialexpress.com/india-news/shillong-tense-day-after-clashes-curfew-imposed-internet-services-suspended/1189912/,,,,Fake news/ Hate speech/ Incendiary content/ Promoting violence,,,,,,,,,,,,,,,,,,,,,,,,,,,,APAC
,6/2/2018,India,"It affected more than one city in the same state, province, or region",Srinagar and Badgam districts of Jammu & Kashmir,"Shutdown, Throttle","Broadband, Mobile",Full network,Local government,,Protests,,News media article,https://economictimes.indiatimes.com/news/defence/mobile-internet-services-suspended-in-srinagar-budgam/articleshow/64425517.cms,,,,Public safety/ Quell unrest/ Restore public order,,,,,,,,,,,,,,,,,,,,,,,,,,,,APAC
,6/4/2018,Mali,"It affected locations in more than one state, province, or region",Nationwide,Shutdown,"Broadband, Mobile",Service-based,Executive government,,Elections,,News media article,https://twitter.com/Internet_SF/status/1003572106263781376,,,,Unknown,,,,,,,,,,,,Social media,,,,,,,,,,,,,,,,Africa
,6/6/2018,India,"It affected more than one city in the same state, province, or region",Pulwama and Kulgam districts of South Kashmir,Shutdown,"Broadband, Mobile",Full network,Local government,,Unknown,,News media article,https://kashmirlife.net/internet-suspended-in-south-kashmir-parts-176771/,,,,Public safety/ Quell unrest/ Restore public order,,,,,,,,,,,,,,,,,,,,,,,,,,,,APAC
,6/8/2018,India,"It affected more than one city in the same state, province, or region",Five districts of western Meghalaya,Shutdown,"Broadband, Mobile",Full network,Local government,,Protests,,News media article,https://www.business-standard.com/article/pti-stories/internet-services-suspended-in-garo-hills-after-locals-protest-118060801240_1.html,,,,Fake news/ Hate speech/ Incendiary content/ Promoting violence,,,,,,,,,,,,,Yes,,,,,,,,,,,,,,,APAC
,6/8/2018,India,"It only affected one city, county, or village","Guwahati, Assam",Shutdown,Mobile,Full network,Local government,,Communal violence,,News media article,https://www.ndtv.com/india-news/2-men-mistaken-for-child-abductors-allegedly-beaten-to-death-in-assam-1864964,,6/9/2018,1,Fake news/ Hate speech/ Incendiary content/ Promoting violence,,,,,,,,,,,,,Yes,,,,,,,,,,,,,,,APAC
,6/9/2018,India,"It only affected one city, county, or village","Guwahati, Assam",Shutdown,"Broadband, Mobile",Full network,Local government,,Communal violence,,News media article,http://www.abc.net.au/news/2018-06-12/india-whatsapp-killings-as-fake-child-kidnap-video-spreads/9861788,,6/10/2018,1,Fake news/ Hate speech/ Incendiary content/ Promoting violence,,,,,,,,,,,,,,,,,,,,,,,,,,,,APAC
,6/16/2018,India,"It only affected one city, county, or village",Jaintia-Khasi Hills,Shutdown,Mobile,Full network,Local government,,Unknown,,News media article,https://indianexpress.com/article/india/mobile-internet-services-suspended-in-seven-districts-of-meghalaya-5220431/,,,,National security/ Counter-terrorism,,,,,,,,,,,,,,,,,,,,,,,,,,,,APAC
,6/18/2018,India,"It only affected one city, county, or village","Kulgam and Anantnag, Jammu and Kashmir",Shutdown,Mobile,Full network,Local government,,Communal violence,,News media article,https://thekashmirpress.com/2018/06/18/mobile-internet-suspended-in-anantnag-kulgam/,,,,Public safety/ Quell unrest/ Restore public order,,,,,,,,,,,,,,,,,,,,,,,,,,,,APAC
,6/21/2018,Algeria,"It affected locations in more than one state, province, or region",Nationwide,Shutdown,"Broadband, Mobile","Full network, Service-based",Executive government,,Exam cheating,,News media article,https://www.aljazeera.com/news/2018/06/algeria-iraq-shut-internet-prevent-exam-cheating-180621074343644.html,,6/25/2018,4,School Exams,,,,,,,Yes,,,,,,,,,,,,,,,,,,,,,MENA
,6/22/2018,India,"It affected more than one city in the same state, province, or region","Srinagar, Anantnag, Pulwama",Shutdown,Mobile,Full network,Local government,,Political instability,,News media article,http://www.freepressjournal.in/india/jammu-and-kashmir-mobile-internet-services-suspended-in-srinagar-anantnag-pulwama-district/1301980,,,,Public safety/ Quell unrest/ Restore public order,,,,,,,,,,,,,,,,,,,,,,,,,,,,APAC
,6/25/2018,India,"It affected more than one city in the same state, province, or region","Shopian, Pulwama, Anantnag",Shutdown,"Broadband, Mobile",Full network,Local government,,Political instability,,News media article,https://www.indiatoday.in/india/story/kashmir-shutdown-mla-separatist-leaders-detained-heavy-deployment-of-forces-1269472-2018-06-25,,,,Public safety/ Quell unrest/ Restore public order,,,,,,,,,,,,,,,,,,,,,,,,,,,,APAC
,6/25/2018,India,"It affected more than one city in the same state, province, or region","Shopian, Pulwama, Anantnag",Shutdown,"Broadband, Mobile",Full network,Local government,,Political instability,,News media article,https://timesofindia.indiatimes.com/city/srinagar/separatist-leaders-mla-detained-in-kashmir/articleshow/64746656.cms,,,,Public safety/ Quell unrest/ Restore public order,,,,,,,,,,,,,,,,,,,,,,,,,,,,APAC
,6/28/2018,India,"It affected more than one city in the same state, province, or region",Tripura,Shutdown,Mobile,Full network,Local government,,Communal violence,,News media article,http://www.newindianexpress.com/nation/2018/jun/30/mobile-internet-and-sms-services-blocked-in-tripura-after-three-rumoured-child-trafficking-lynchings-1835833.html,,7/1/2018,3,Fake news/ Hate speech/ Incendiary content/ Promoting violence,,,,,,,,,,,,,Yes,,,,,,,,,,,,,,,APAC
,7/6/2018,India,"It only affected one city, county, or village","Shopian, Jammu and Kashmir",Shutdown,"Broadband, Mobile",Full network,Local government,,Political instability,,News media article,http://www.knskashmir.com/Internet-services-remain-suspended-for-3rd-straight-day-in-South-Kashmir-27974,,7/9/2018,3,National security/ Counter-terrorism,,,,,,,,,,,,,,,,,,,,,,,,,,,,APAC
,7/7/2018,India,"It affected more than one city in the same state, province, or region",Kashmir Valley,Throttle,Mobile,Full network,Local government,,Protests,,News media article,https://timesofindia.indiatimes.com/india/jk-internet-services-suspended-in-most-parts-of-kashmir/articleshow/64898541.cms,,,,Public safety/ Quell unrest/ Restore public order,,,,,,,,,,,,,,,,,,,,,,,,,,,,APAC
,7/8/2018,India,"It affected more than one city in the same state, province, or region","North, Central, and South Kashmir",Shutdown,Mobile,Full network,Local government,,Other,,News media article,https://economictimes.indiatimes.com/news/politics-and-nation/mobile-internet-services-suspended-in-entire-kashmir/articleshow/64902969.cms,,7/9/2018,1,Public safety/ Quell unrest/ Restore public order,,,,,,,,,,,,,,,,,,,,,,,,,,,,APAC
,7/10/2018,India,"It only affected one city, county, or village","Shopian, Jammu and Kashmir",Shutdown,"Broadband, Mobile",Full network,State government,,Political instability,,News media article,https://kashmirlife.net/kundlan-gunfight-internet-services-suspended-in-shopian-180063/,,7/11/2018,1,National security/ Counter-terrorism,,,,,,,,,,,,,,,,,,,,,,,,,,,,APAC
,7/12/2018,Iraq,"It affected locations in more than one state, province, or region",Nationwide,Shutdown,"Broadband, Mobile",Full network,Executive government,,Information control,,News media article,https://www.amnesty.org.uk/press-releases/iraq-internet-cut-stop-protesters-posting-images-security-force-attacks,,7/13/2018,1,Public safety/ Quell unrest/ Restore public order,,,,,,,,,,,,,,,,,,,,,,,,,,,,MENA
,7/12/2018,India,"It only affected one city, county, or village","Kupwara and Sopore- North Kashmir, Jammu and Kashmir",Shutdown,Mobile,Full network,Local government,,Political instability,,News media article,https://kashmirlife.net/trehgam-killing-mobile-internet-services-suspended-in-north-kashmir-parts-180304/,,,,Unknown,,,,,,,,,,,,,,,,,,,,,,,,,,,,APAC
,7/13/2018,Pakistan,"It affected more than one city in the same state, province, or region",Rawalpindi and Islamabad,Shutdown,"Broadband, Mobile",Full network,Executive government,,Political instability,,News media article,http://killswitch.pk/?q=node/78,,7/14/2018,1,National security/ Counter-terrorism,,,,,,,,,,,,,Yes,,,,,,,,,,,,,,,APAC
,7/13/2018,Pakistan,"It only affected one city, county, or village",Lahore,Shutdown,Mobile,Full network,Executive government,,Political instability,,News media article,https://dunyanews.tv/en/Pakistan/447857-Mobile-phone-service-suspended-Lahore-Nawaz-Sharif-arrest,,7/13/2018,0,Public safety/ Quell unrest/ Restore public order,,,,,,,,,,,,,,,,,,,,,,,,,,,,APAC
,7/14/2018,India,"It affected more than one city in the same state, province, or region",Rajasthan,Shutdown,"Broadband, Mobile",Full network,State government,,Exam cheating,,News media article,https://deccanchronicle.com/nation/current-affairs/120718/internet-to-be-shut-during-constable-recruitment-examinations-in-rajas.html,,7/15/2018,1,School Exams,,,,,,,,,,,,,,,,,,,,,,,,,,,,APAC
,7/15/2018,Iraq,"It affected more than one city in the same state, province, or region",Northern Iraq including Irbil,Shutdown,Mobile,"Full network, Service-based",Executive government,,Protests,,News media article,https://netblocks.org/reports/study-shows-extent-of-iraq-internet-shutdown-and-social-media-restrictions-during-protests-zPyXjzAE,,7/16/2018,1,Public safety/ Quell unrest/ Restore public order,,,,,,,Yes,,,,,,,,,,,,,,,,,,,,,MENA
,7/17/2018,Nicaragua,"It affected more than one city in the same state, province, or region","Jinotega, Managua, Leon, and others",Shutdown,"Broadband, Mobile",Full network,Executive government,,Protests,,News media article,https://netblocks.org/reports/nicaragua-regional-internet-disruptions-amid-protests-gdAmMvA9,,7/18/2018,1,Public safety/ Quell unrest/ Restore public order,,,,,,,,,,,,,,,,,,,,,,,,,,,,LAC
,7/20/2018,Pakistan,"It affected more than one city in the same state, province, or region",Balochistan,Shutdown,Mobile,Full network,Executive government,,Elections,,News media article,https://www.dawn.com/news/1421358,,7/31/2018,11,National security/ Counter-terrorism,,,,,,,,,,,,,,,,,,,,,,,,,,,,APAC
,7/20/2018,India,"It only affected one city, county, or village",Manipur,Shutdown,Mobile,Full network,Local government,,Political instability,,News media article,https://www.time8.in/new-manipur-university-impasse-home-dept-orders-shutdown-of-internet-services/,,7/26/2018,6,Fake news/ Hate speech/ Incendiary content/ Promoting violence,,,,,,,,,,,,,,,,,,,,,,,,,,,,APAC
,7/22/2018,India,"It affected more than one city in the same state, province, or region","Anantnag and Kulgam, Jammu and Kashmir",Shutdown,Mobile,Full network,Local government,,Political instability,,News media article,https://kashmirlife.net/khudwani-gunfight-mobile-internet-services-suspended-in-kulgam-islamabad-181275/,,7/23/2018,1,National security/ Counter-terrorism,,,,,,,,,,,,,,,,,,,,,,,,,,,,APAC
,7/23/2018,Philippines,"It only affected one city, county, or village","Quezon City - Batasan Complex, Common Wealth Avenue and Culiat",Shutdown,Mobile,Full network,Executive government,,Protests,,Social media,https://twitter.com/nicadoom/status/1021290855775186944?s=21,,7/23/2018,0,Public safety/ Quell unrest/ Restore public order,,,,,,,,,,,,,,,,,,,,,,,,,,,,APAC
,7/24/2018,India,"It only affected one city, county, or village",Aurangabad and areas of  Maharashtra,Shutdown,"Broadband, Mobile",Full network,Executive government,,Protests,,News media article,http://www.newindianexpress.com/nation/2018/jul/24/maratha-quota-cop-dies-as-protest-turns-violent-1847970.html,,7/24/2018,0,Public safety/ Quell unrest/ Restore public order,,,,,,,,,,,,,,,,,,,,,,,,,,,,APAC
,7/25/2018,India,"It only affected one city, county, or village","Anantnag, Jammu and Kashmir",Shutdown,"Broadband, Mobile",Full network,Local government,,Political instability,,News media article,http://brighterkashmir.com/encounter-breaks-out-in-anantnag-internet-snapped-train-services-suspended/,,,,National security/ Counter-terrorism,,,,,,,,,,,,,,,,,,,,,,,,,,,,APAC
,7/25/2018,Yemen,"It only affected one city, county, or village",Ma'rib City,Shutdown,"Broadband, Mobile",Full network,Local government,,Political instability,,News media article,https://yemen-now.com/news2977324.html,,7/26/2018,1,National security/ Counter-terrorism,,,,,,,,,,,,,,,,,,,,,,,,,,,,MENA
,7/25/2018,India,"It affected more than one city in the same state, province, or region",Aurangabad and areas of  Maharashtra,Shutdown,"Broadband, Mobile",Full network,State government,,Protests,,News media article,http://www.newindianexpress.com/nation/2018/jul/24/maratha-quota-cop-dies-as-protest-turns-violent-1847970.html,,,,Fake news/ Hate speech/ Incendiary content/ Promoting violence,,,,,,,,,,,,,,,,,,,,,,,,,,,,APAC
,7/26/2018,India,"It only affected one city, county, or village","Navi Mumbai, Maharashtra",Shutdown,"Broadband, Mobile",Full network,State government,,Communal violence,,News media article,https://timesofindia.indiatimes.com/city/mumbai/maratha-quota-stir-internet-services-suspended-in-navi-mumbai/articleshow/65144524.cms,,,,Public safety/ Quell unrest/ Restore public order,,,,,,,,,,,,,,,,,,,,,,,,,,,,APAC
,7/29/2018,India,"It affected more than one city in the same state, province, or region",Arunachal Pradesh,Shutdown,Mobile,Full network,Local government,,Exam cheating,,News media article,https://thenewsmill.com/arunachal-govt-orders-suspension-of-internet-across-state-for-appsc-exam/,,,,School Exams,,,,,,,,,,,,,,,,,,,,,,,,,,,,APAC
,7/29/2018,Mali,"It affected locations in more than one state, province, or region","Bamako, Timbaktu, and Gao",Shutdown,"Broadband, Mobile",Service-based,Executive government,,Elections,,News media article,https://ooni.torproject.org/post/mali-disruptions-amid-2018-election/,,8/3/2018,5,Unknown,,,,,,,,,,,,Social media,,,,,,,,,,,,,,,,Africa
,8/2/2018,India,"It affected more than one city in the same state, province, or region","Kupwara, Jammu and Kashmir",Shutdown,"Broadband, Mobile",Full network,Local government,,Political instability,,News media article,https://www.newsx.com/national/2-hizbul-mujahideen-terrorists-killed-security-forces-kupawara-jammu-and-kashmir-internet-services-suspended,,,,National security/ Counter-terrorism,,,,,,,,,,,,,,,,,,,,,,,,,,,,APAC
,8/4/2018,Ethiopia,"It affected more than one city in the same state, province, or region","Somali region, Harar, and Dire Dawa",Shutdown,"Broadband, Mobile",Full network,Executive government,,Communal violence,,News media article,https://qz.com/africa/1351277/ethiopia-internet-shutdown-in-eastern-somali-region/,,8/26/2018,22,National security/ Counter-terrorism,,,,,,,,,,,,,,,,,,,,,,,,,,,,Africa
,8/4/2018,Bangladesh,"It affected more than one city in the same state, province, or region",Dhaka and other cities,Throttle,Mobile,Full network,Local government,,Protests,,News media article,https://netblocks.org/reports/bangladesh-internet-shutdown-student-protests-jDA37KAW,,8/5/2018,1,Public safety/ Quell unrest/ Restore public order,,,,,,,,,,,,,,,,,,,,,,,,,,,,APAC
,8/5/2018,India,"It affected more than one city in the same state, province, or region",Several parts of Rajasthan,Shutdown,Mobile,Full network,State government,,Exam cheating,,News media article,https://timesofindia.indiatimes.com/city/jaipur/rajasthan-public-service-commission-exam-mobile-internet-services-to-be-suspended-on-sunday-from-9am-to-1pm/articleshow/65273372.cms,,8/5/2018,0,School Exams,,,,,,,,,,,,,,,,,,,,,,,,,,,,APAC
,8/9/2018,India,"It affected more than one city in the same state, province, or region","Baramati, Shirur, Khed, Junnar, Maval, Bhor and Daund rural tehsils of the district, Maharashtra",Shutdown,"Broadband, Mobile",Full network,Local government,,Protests,,News media article,https://thewire.in/caste/maratha-quota-stir-internet-services-suspended-in-pune-district,,,,Public safety/ Quell unrest/ Restore public order,,,,,,,,,,,,,,,,,,,,,,,,,,,,APAC
,8/11/2018,Yemen,"It only affected one city, county, or village",Ma'rib City,Shutdown,"Broadband, Mobile",Full network,Executive government,,Political instability,,Confidential,,,8/12/2018,1,National security/ Counter-terrorism,,,,,,,,,,,,,,,,,,,,,,,,,,,,MENA
,8/12/2018,India,"It only affected one city, county, or village","Srinagar, Jammu and Kashmir",Shutdown,Mobile,Full network,Unknown,,Political instability,,News media article,https://www.hindustantimes.com/india-news/1-jawan-killed-3-injured-as-encounter-breaks-out-with-militants-in-j-k-s-batamaloo-area-in-srinagar/story-l9QGE0uwez2AmT2dg5SHrI.html,,,,National security/ Counter-terrorism,,,,,,,,,,,,,,,,,,,,,,,,,,,,APAC
,8/15/2018,India,"It affected more than one city in the same state, province, or region","Kashmir Valley, Jammu and Kashmir",Shutdown,"Broadband, Mobile",Full network,Local government,,Other,,News media article,https://www.news18.com/news/india/internet-mobile-phone-services-suspended-in-kashmir-valley-1845479.html,,,,Public safety/ Quell unrest/ Restore public order,,,,,,,,,,,,,,,,,,,,,,,,,,,,APAC
,8/16/2018,Ethiopia,"It only affected one city, county, or village",Debre Ziet or Bishoftu,Shutdown,Mobile,Full network,Executive government,,Unknown,,Confidential,,,8/16/2018,0,Unknown,,,,,,,,,,,,,,,,,,,,,,,,,,,,Africa
,8/17/2018,India,"It only affected one city, county, or village","Bandipora, Jammu and Kashmir",Shutdown,"Broadband, Mobile",Full network,Local government,,Political instability,,News media article,http://risingkashmir.com/news/gunfight-rages-in-hajin-331775.html,,,,National security/ Counter-terrorism,,,,,,,,,,,,,,,,,,,,,,,,,,,,APAC
,8/18/2018,India,"It only affected one city, county, or village","Uttarkashi, Uttarakhand",Shutdown,"Broadband, Mobile",Full network,Local government,,Protests,,News media article,https://www.indiatoday.in/india/story/minor-gangrape-murder-uttarkashi-uttarakhand-1317927-2018-08-18,,,,Public safety/ Quell unrest/ Restore public order,,,,,,,,,,,,,,,,,,,,,,,,,,,,APAC
,8/21/2018,India,"It affected more than one city in the same state, province, or region",Lunawada,Shutdown,"Broadband, Mobile",Full network,Local government,,Communal violence,,News media article,https://indianexpress.com/article/cities/ahmedabad/internet-services-suspended-in-lunawada-town-5318390/,,,,Public safety/ Quell unrest/ Restore public order,,,,,,,,,,,,,,,,,,,,,,,,,,,,APAC
,8/23/2018,India,"It only affected one city, county, or village","Tonk, Rajasthan",Shutdown,"Broadband, Mobile",Full network,Local government,,Communal violence,,News media article,https://www.financialexpress.com/india-news/rajasthans-tonk-tense-after-mob-attack-on-kanwariyas-sec-144-imposed-internet-services-suspended/1291114/,,,,Public safety/ Quell unrest/ Restore public order,,,,,,,,,,,,,,,,,,,,,,,,,,,,APAC
,8/24/2018,India,"It only affected one city, county, or village","Anantnag, Jammu and Kashmir",Shutdown,"Broadband, Mobile",Full network,Local government,,Political instability,,News media article,https://www.indiatvnews.com/news/india-jammu-kashmir-encounter-anantnag-kokernag-live-updates-gunbattle-casualties-security-forces-terrorists-internet-services-459490,,,,Public safety/ Quell unrest/ Restore public order,,,,,,,,,,,,,,,,,,,,,,,,,,,,APAC
,8/27/2018,India,"It only affected one city, county, or village","Shahjahanpur, Uttar Pradesh",Shutdown,"Broadband, Mobile",Full network,Local government,,Communal violence,,News media article,https://timesofindia.indiatimes.com/city/bareilly/internet-services-suspended-in-shahjahanpur-after-communal-violence/articleshow/65568312.cms,,8/27/2018,0,Fake news/ Hate speech/ Incendiary content/ Promoting violence,,,,,,,,,,,,,,,,,,,,,,,,,,,,APAC
,8/27/2018,India,"It only affected one city, county, or village","Udaipur, Rajasthan",Shutdown,"Broadband, Mobile",Full network,Local government,,Exam cheating,,News media article,https://udaipurtimes.com/internet-shutdown-in-udaipur-on-monday-from-2pm-to-5pm/,,8/27/2018,0,School Exams,,,,,,,,,,,,,,,,,,,,,,,,,,,,APAC
,8/29/2018,India,"It only affected one city, county, or village","Anantnag, Jammu and Kashmir",Shutdown,"Broadband, Mobile",Full network,Local government,,Political instability,,News media article,https://www.firstpost.com/india/two-hizbul-mujahideen-militants-killed-in-encounter-with-security-forces-in-jammu-and-kashmirs-anantnag-5066801.html,,,,National security/ Counter-terrorism,,,,,,,,,,,,,,,,,,,,,,,,,,,,APAC
,9/1/2018,India,"It only affected one city, county, or village","Banswara, Udiapur, Rajasthan",Shutdown,"Broadband, Mobile",Full network,Local government,,Communal violence,,News media article,https://timesofindia.indiatimes.com/city/udaipur/banswara-remains-peaceful-restrictions-laid-on-social-media/articleshow/65663343.cms,,9/3/2018,2,Fake news/ Hate speech/ Incendiary content/ Promoting violence,,,,,,,,,,,,,,,,,,,,,,,,,,,,APAC
,9/1/2018,Iraq,"It affected locations in more than one state, province, or region",Nationwide,Shutdown,"Broadband, Mobile",Full network,Executive government,,Exam cheating,,Social media,https://www.facebook.com/Tech4Peace/photos/a.1318868918129674/2340084639341425,,9/10/2018,9,School Exams,,,,,,,,,,,,,,,,,,,,,,,,,,,,MENA
,9/5/2018,India,"It only affected one city, county, or village","Jabalpur, Madhya Pradesh",Shutdown,"Broadband, Mobile",Full network,Unknown,,Communal violence,,News media article,http://www.india.com/news/india/bharat-bandh-today-sec-144-imposed-in-parts-of-madhya-pradesh-schools-closed-in-bhind-petrol-pumps-to-remain-shut-3276288/,,9/6/2018,1,Fake news/ Hate speech/ Incendiary content/ Promoting violence,,,,,,,,,,,,,,,,,,,,,,,,,,,,APAC
,9/8/2018,India,"It only affected one city, county, or village","Islamabad and Kulgam, Jammu and Kashmir",Shutdown,Mobile,Full network,Local government,,Communal violence,,News media article,https://kashmirlife.net/achabal-shootout-mobile-internet-suspended-in-islamabad-kulgam-185397/,,,,Public safety/ Quell unrest/ Restore public order,,,,,,,,,,,,,,,,,,,,,,,,,,,,APAC
,9/11/2018,India,"It only affected one city, county, or village",Handwara district,Shutdown,"Broadband, Mobile",Full network,Unknown,,Political instability,,News media article,https://www.newsx.com/national/lashkar-terrorists-lashkar-e-taiba-handwara-encounter-galoora-encounter-crpf-indian-army,,,,National security/ Counter-terrorism,,,,,,,,,,,,,,,,,,,,,,,,,,,,APAC
,9/12/2018,India,"It only affected one city, county, or village","Sopore and Baramulla, Jammu and Kashmir",Shutdown,"Broadband, Mobile",Full network,Local government,,Political instability,,News media article,https://www.greaterkashmir.com/news/kashmir/militants-offer-gun-salute-to-slain-associate-in-sopore/,,,,National security/ Counter-terrorism,,,,,,,,,,,,,,,,,,,,,,,,,,,,APAC
,9/15/2018,India,"It only affected one city, county, or village","Anantnag and Kulgam, Jammu and Kashmir",Shutdown,Mobile,Full network,Local government,,Political instability,,News media article,https://freepresskashmir.com/2018/09/15/kulgam-gunfight-live-three-militants-killed-ongoing-search-to-retrieve-bodies/,,,,National security/ Counter-terrorism,,,,,,,,,,,,,,,,,,,,,,,,,,,,APAC
,9/17/2018,Ethiopia,"It only affected one city, county, or village",Addis Ababa,Shutdown,Mobile,Full network,Executive government,,Protests,,News media article,https://cpj.org/2018/09/in-ethiopia-mobile-internet-cut-in-the-capital-ami.php,,9/19/2018,2,Public safety/ Quell unrest/ Restore public order,,,,,,,,,,,,,,,,,,,,,,,,,,,,Africa
,9/19/2018,Pakistan,"It affected locations in more than one state, province, or region",Major cities in Pakitan,Shutdown,"Broadband, Mobile",Full network,Executive government,,Other,,News media article,https://www.samaa.tv/news/2018/09/mobile-services-to-remain-suspended-in-karachi-and-other-cities-on-youm-e-ashura/,,9/21/2018,2,Public safety/ Quell unrest/ Restore public order,,,,,,,,,,,,,Yes,Yes,,,,,,,,,,,,,,APAC
,9/21/2018,India,"It only affected one city, county, or village",Manipur,Shutdown,Mobile,Full network,Local government,,Protests,,News media article,https://www.firstpost.com/india/manipur-university-news-updates-bhu-council-mulls-suspending-ap-pandey-from-university-over-mu-raid-controversy-5230261.html#live-blog-20180921154146,,9/26/2018,5,Public safety/ Quell unrest/ Restore public order,,,,,,,,,,,,,,,,,,,,,,,,,,,,APAC
,9/22/2018,India,"It only affected one city, county, or village","Sopian and Pulwama, Jammu and Kashmir",Shutdown,Mobile,Full network,Local government,,Information control,,News media article,https://www.tribuneindia.com/news/jammu-kashmir/mobile-internet-snapped-in-shopian-pulwama-over-resignation-videos/657779.html,,10/7/2018,15,Public safety/ Quell unrest/ Restore public order,,,,,,,,,,,,,,,,,,,,,,,,,,,,APAC
,9/25/2018,Yemen,"It only affected one city, county, or village",Ma'rib City,Shutdown,"Broadband, Mobile",Full network,Local government,,Political instability,,Confidential,https://www.yemenakhbar.com/1667452,,9/27/2018,2,Sabotage/ Third-party Action,,,,,,,,,,,,,Yes,,,,,,,,,,,,,,,MENA
,9/27/2018,India,"It only affected one city, county, or village","Srinagar and Anantnag, Jammu and Kashmir",Shutdown,Mobile,Full network,Local government,,Protests,,News media article,"http://www.uniindia.com/mobile-internet-suspended-in-srinagar-budgam/states/news/1362734.html, http://www.uniindia.com/mobile-internet-restored-in-srinagar-remains-suspended-in-budgam/states/news/1363136.html",,9/27/2018,0,Public safety/ Quell unrest/ Restore public order,,,,,,,,,,,,,,,,,,,,,,,,,,,,APAC
,9/30/2018,Nigeria,"It only affected one city, county, or village",Ponzing Ndam,Shutdown,Mobile,"Full network, Service-based",Local government,,Communal violence,,News media article,"https://guardian.ng/news/plateau-government-imposes-curfew-in-jos/, https://twitter.com/FlawlessEve1/status/1047719767216476160?s=19",,10/2/2018,2,Fake news/ Hate speech/ Incendiary content/ Promoting violence,,,,,,,,,,,,Social media,,,,,,,,,,,,,,"Following civil unrest in parts of Jos North and Jos South Local Government Areas of Plateau, the State Government has imposed a dusk-to-dawn curfew in the two areas.",,Africa
,10/4/2018,Russian Federation,"It affected more than one city in the same state, province, or region",Ingushetia,Shutdown,Mobile,Full network,Executive government,,Protests,,News media article,https://zona.media/news/2018/11/15/internet,,10/17/2018,13,Public safety/ Quell unrest/ Restore public order,,,,,,,,,,,,,,,,,,,,,,,,,,,,EECA
,10/6/2018,India,"It only affected one city, county, or village","South Kashmir, Jammu and Kashmir",Shutdown,"Broadband, Mobile",Full network,Local government,,Elections,,News media article,https://kashmirlife.net/authorities-suspended-internet-services-in-south-kashmir-187958/,,10/7/2018,1,Public safety/ Quell unrest/ Restore public order,,,,,,,,,,,,,,,,,,,,,,,,,,,,APAC
,10/8/2018,India,"It only affected one city, county, or village","South Kashmir, Jammu and Kashmir",Throttle,Mobile,Full network,Local government,,Elections,,News media article,https://www.financialexpress.com/india-news/jammu-and-kashmir-local-body-elections-municipal-poll-timing-live-updates-separatists-shutdown-valley-army-pdp-nc-bjp-congress/1341061/?#liveblogstart,,,,Fake news/ Hate speech/ Incendiary content/ Promoting violence,,,,,,,,,,,,,,,,,,,,,,,,,,,,APAC
,10/10/2018,Ethiopia,"It only affected one city, county, or village",Addis Ababa,Shutdown,Mobile,Full network,Executive government,,Information control,,News media article,https://twitter.com/VOANews/status/1050411093099798528,,10/10/2018,2 hours,National security/ Counter-terrorism,,,,,,,,,,,,,,,,,,,,,,,,,,,,Africa
,10/10/2018,India,"It affected more than one city in the same state, province, or region","South Kashmir, Jammu and Kashmir",Shutdown,Mobile,Full network,Local government,,Elections,,News media article,https://www.indiatoday.in/india/jammu-and-kashmir/story/phase-2-of-municipal-polls-in-jammu-and-kashmir-advanced-by-an-hour-mobile-internet-suspended-in-parts-1359887-2018-10-10,,,,Public safety/ Quell unrest/ Restore public order,,,,,,,,,,,,,,,,,,,,,,,,,,,,APAC
,10/11/2018,India,"It only affected one city, county, or village","Kupwara, Jammu and Kashmir",Shutdown,Mobile,Full network,Local government,,Political instability,,News media article,https://kashmirlife.net/after-4-days-life-returns-to-normal-in-kupwara-188792/,,,,Public safety/ Quell unrest/ Restore public order,,,,,,,,,,,,,,,,,,,,,,,,,,,,APAC
,10/15/2018,Yemen,"It only affected one city, county, or village",Aden,Throttle,Mobile,Full network,Executive government,,Information control,,Confidential,,Ongoing,,,Unknown,,,,,,,,,,,,,,,,,,,,,,,,,,,,MENA
,10/16/2018,Iraq,"It affected locations in more than one state, province, or region",Nationwide,Shutdown,"Broadband, Mobile",Full network,Executive government,,Exam cheating,,,https://twitter.com/InternetIntel/status/1054385206344454144,,10/22/2018,6,School Exams,,,,,,,,,,,,,,,,,,,,,,,,,,,,MENA
,10/16/2018,India,"It only affected one city, county, or village","South Kashmir, Jammu and Kashmir",Throttle,Mobile,Full network,Local government,,Elections,,News media article,https://kashmirreader.com/2018/10/16/shutdown-internet-curbs-mark-last-phase-of-municipal-polls-in-kashmir/,,,,Public safety/ Quell unrest/ Restore public order,,,,,,,,,,,,,,,,,,,,,,,,,,,,APAC
,10/17/2018,India,"It only affected one city, county, or village","Kashmir Valley, Jammu and Kashmir",Shutdown,Mobile,Full network,Local government,,Political instability,,News media article,https://economictimes.indiatimes.com/news/politics-and-nation/shutdown-in-kashmir-a-day-after-forces-gun-down-two-militants/articleshow/66279693.cms,,,,National security/ Counter-terrorism,,,,,,,,,,,,,,,,,,,,,,,,,,,,APAC
,10/20/2018,Cameroon,"It affected more than one city in the same state, province, or region",Nationwide,Throttle,"Broadband, Mobile",Service-based,Executive government,,Elections,,News media article,https://netblocks.org/reports/facebook-and-whatsapp-restricted-in-cameroon-on-eve-of-election-results-YkArL1yj,,10/22/2018,2,Fake news/ Hate speech/ Incendiary content/ Promoting violence,,,,,,,Yes,,Yes,,,,,,,,,,,,,,,,,,,Africa
,10/21/2018,India,"It only affected one city, county, or village","Sitamarhi, Bihar",Shutdown,"Broadband, Mobile",Full network,Local government,,Communal violence,,News media article,https://www.indiatoday.in/india/story/sitamarhi-madhuban-bihar-durga-puja-idol-immersion-clashes-sec-144-1371890-2018-10-20,,,,Fake news/ Hate speech/ Incendiary content/ Promoting violence,,,,,,,,,,,,,,,,,,,,,,,,,,,,APAC
,10/21/2018,India,"It only affected one city, county, or village","Kulgam, Jammu and Kashmir",Shutdown,Mobile,Full network,Local government,,Protests,,News media article,http://www.knskashmir.com/JRL-calls-for-shutdown-tomorrow-against-civilian-killings-in-Kulgam-30855,,,,Public safety/ Quell unrest/ Restore public order,,,,,,,,,,,,,,,,,,,,,,,,,,,,APAC
,10/24/2018,India,"It only affected one city, county, or village","Srinagar, Jammu and Kashmir",Shutdown,Mobile,Full network,Unknown,,Political instability,,,http://www.asianage.com/india/all-india/241018/two-militants-killed-in-encounter-in-jks-nowgam-internet-suspended.html,,,,Public safety/ Quell unrest/ Restore public order,,,,,,,,,,,,,,,,,,,,,,,,,,,,APAC
,10/26/2018,India,"It only affected one city, county, or village","Baramulla, Jammu and Kashmir",Shutdown,Mobile,Full network,Local government,,Political instability,,,https://www.dailypioneer.com/2018/india/6-terrorists-killed-in-two-kashmir-encounters.html,,,,Public safety/ Quell unrest/ Restore public order,,,,,,,,,,,,,,,,,,,,,,,,,,,,APAC
,10/28/2018,Pakistan,"It only affected one city, county, or village",Bannu,Shutdown,"Broadband, Mobile",Service-based,Local government,,Protests,,Social media,https://twitter.com/UsamaKhilji/status/1056592508354998272,,10/28/2018,0,Public safety/ Quell unrest/ Restore public order,,,,,,,,,,,,Social media,,,,,,,,,,,,,,,,APAC
,10/30/2018,Pakistan,"It affected locations in more than one state, province, or region","Punjab, Sindh, Balochistan, Azad Jammu and Kashmir",Shutdown,"Broadband, Mobile",Full network,Local government,,Other,,News media article,"http://killswitch.pk/?q=node/85, https://tribune.com.pk/story/1836951/1-no-internet-mobile-services-today/",,10/30/2018,0,Public safety/ Quell unrest/ Restore public order,,,,,,,,,,,,,Yes,,,,,,,,,,,,,,,APAC
,10/30/2018,Pakistan,"It only affected one city, county, or village",Targeted in a few sectors of Islamabad,Shutdown,Mobile,Full network,Local government,,Other,,News media article,http://killswitch.pk/?q=node/85,,10/31/2018,1,Public safety/ Quell unrest/ Restore public order,,,,,,,,,,,,,,,,,,,,,,,,,,Local governments asked the federal government to cut of partial connection for  Chehlum of Hazrat Imam Hussain,,APAC
,11/1/2018,Pakistan,"It affected locations in more than one state, province, or region","Lahore, Islamabad, Rawalpindi and Gujranwala",Shutdown,"Broadband, Mobile",Full network,Executive government,,Protests,,News media article,http://digitalrightsmonitor.pk/protest-against-the-asia-bibis-acquittal-cellular-services-suspended-for-few-hours/,,11/2/2018,1,Public safety/ Quell unrest/ Restore public order,,,,,,,,,,,,,Yes,Yes,,,,,,,,,,,,,,APAC
,11/1/2018,India,"It only affected one city, county, or village","Kishtwar, Jammu and Kashmir",Shutdown,Mobile,Full network,Local government,,Political instability,,News media article,https://www.business-standard.com/article/news-ani/kishtwar-internet-services-suspended-curfew-imposed-118110201323_1.html,,,,Public safety/ Quell unrest/ Restore public order,,,,,,,,,,,,,,,,,,,,,,,,,,,,APAC
,11/1/2018,India,"It only affected one city, county, or village","Budgam, Jammu and Kashmir",Shutdown,Mobile,Full network,Local government,,Political instability,,News media article,https://kashmirlife.net/zagoo-gunfight-internet-service-suspended-in-budgam-190616/,,,,Public safety/ Quell unrest/ Restore public order,,,,,,,,,,,,,,,,,,,,,,,,,,,,APAC
,11/9/2018,India,"It only affected one city, county, or village","Pulwama, Jammu and Kashmir",Shutdown,Mobile,Full network,State government,,Political instability,,News media article,https://www.greaterkashmir.com/news/kashmir/south-kashmir-gunfight-breaks-out-in-tral-internet-suspended/302458.html,,,,Public safety/ Quell unrest/ Restore public order,,,,,,,,,,,,,,,,,,,,,,,,,,,,APAC
,11/10/2018,India,"It only affected one city, county, or village","Pulwama, Jammu and Kashmir",Shutdown,Mobile,Full network,State government,,Political instability,,News media article,https://kashmirlife.net/pulwama-gunfight-internet-suspended-clashes-erupt-191522/,,,,Public safety/ Quell unrest/ Restore public order,,,,,,,,,,,,,,,,,,,,,,,,,,,,APAC
,11/17/2018,India,"It only affected one city, county, or village",Jaitaran,Throttle,Mobile,Full network,State government,,Elections,,News media article,https://kashmirobserver.net/2018/local-news/shutdown-valley-internet-snapped-poll-bound-areas-37934,,,,Public safety/ Quell unrest/ Restore public order,,,,,,,,,,,,,,,,,,,,,,,,,,,,APAC
,11/18/2018,India,"It only affected one city, county, or village","Shopian, Jammu and Kashmir",Shutdown,"Broadband, Mobile",Full network,State government,,Political instability,,News media article,https://greaterkashmir.com/news/kashmir/two-militants-killed-in-shopian-gunfight-internet-suspended/303356.html,,11/19/2018,1,National security/ Counter-terrorism,,,,,,,,,,,,,,,,,,,,,,,,,,,,APAC
,11/20/2018,India,"It only affected one city, county, or village","Shopian, South Kashmir",Shutdown,Mobile,Full network,State government,,Protests,,News media article,https://kashmirlife.net/internet-services-suspended-in-shopian-clashes-reported-192547/,,,,Public safety/ Quell unrest/ Restore public order,,,,,,,,,,,,,,,,,,,,,,,,,,,,APAC
,11/21/2018,Pakistan,"It affected more than one city in the same state, province, or region","Rawalpindi, Karachi, Quetta, Gujranwala, Jhang, Faisalabad",Shutdown,"Broadband, Mobile","Full network, Service-based",Local government,,Other,,News media article,http://digitalrightsmonitor.pk/keepiton-partial-network-shutdown-in-the-wake-of-rabi-ul-awal-processions/,,11/21/2018,0,Unknown,,,,,,,,,,,,Skype,Yes,,,,,,,,,,,,,,,APAC
,11/21/2018,Bangladesh,"It affected locations in more than one state, province, or region",Nationwide,Shutdown,"Broadband, Mobile",Service-based,Executive government,,Information control,,News media article,https://www.thedailystar.net/js-polls-2018/btrc-blocks-skype-1662676,,11/22/2018,1,National security/ Counter-terrorism,,,,,,,,,,,,Skype,,,,,,,,,,,,,,,,APAC
,11/23/2018,India,"It only affected one city, county, or village","Anantnag, Jammu and Kashmir",Shutdown,"Broadband, Mobile",Full network,State government,,Protests,,News media article,http://www.uniindia.com/news/north/6-militants-killed-in-encounter-with-security-forces-in-anantnag/1413192.html,,,,Public safety/ Quell unrest/ Restore public order,,,,,,,,,,,,,,,,,,,,,,,,,,,,APAC
,11/25/2018,India,"It only affected one city, county, or village","Shopian, South Kashmir",Shutdown,Mobile,Full network,State government,,Protests,,News media article,https://www.newsnation.in/india-news/jammu-and-kashmir-encounter-breaks-out-in-shopian-terrorists-trapped-article-207681.html,,,,Public safety/ Quell unrest/ Restore public order,,,,,,,,,,,,,,,,,,,,,,,,,,,,APAC
,11/27/2018,India,"It only affected one city, county, or village","Kulgam, Jammu and Kashmir",Shutdown,Mobile,Full network,State government,,Political instability,,News media article,https://kashmirlife.net/redwani-gunfight-internet-services-suspended-in-kulgam-193302/,,,,Public safety/ Quell unrest/ Restore public order,,,,,,,,,,,,,,,,,,,,,,,,,,,,APAC
,11/28/2018,India,"It only affected one city, county, or village","Budgam, Jammu and Kashmir",Shutdown,"Broadband, Mobile",Full network,State government,,Political instability,,News media article,https://freepresskashmir.com/2018/11/28/two-militants-killed-three-army-men-injured-in-gunfight-in-budgam/,,,,National security/ Counter-terrorism,,,,,,,,,,,,,,,,,,,,,,,,,,,,APAC
,12/3/2018,India,"It only affected one city, county, or village","Shopian, South Kashmir",Shutdown,"Broadband, Mobile",Full network,State government,,Political instability,,News media article,https://freepresskashmir.com/2018/12/03/militants-armed-forces-exchange-fire-in-shopian-internet-services-suspended/,,,,National security/ Counter-terrorism,,,,,,,,,,,,,,,,,,,,,,,,,,,,APAC
,12/4/2018,Yemen,"It only affected one city, county, or village",Sana'a City,Throttle,"Broadband, Mobile",Full network,Local government,,Other,,Confidential,,,12/4/2018,0,National security/ Counter-terrorism,,,,,,,,,,,,,,,,,,,,,,,,,,Extreme weakness in network,,MENA
,12/8/2018,India,"It only affected one city, county, or village","Srinagar, Jammu and Kashmir",Shutdown,Mobile,Full network,Unknown,,Political instability,,News media article,https://www.oneindia.com/india/j-k-jawan-injured-mujgund-encounter-mobile-internet-services-suspended-2819804.html,,,,National security/ Counter-terrorism,,,,,,,,,,,,,,,,,,,,,,,,,,,,APAC
,12/8/2018,Togo,"It affected locations in more than one state, province, or region",Nationwide,Throttle,Mobile,Full network,Executive government,,Protests,,Confidential,,,12/12/2018,4,Public safety/ Quell unrest/ Restore public order,,,,,,,,,,,,,,,,,,,,,,,,,,,,Africa
,12/13/2018,India,"It only affected one city, county, or village","Sopore, Jammu and Kashmir",Shutdown,Mobile,Full network,State government,,Political instability,,News media article,https://www.indiatoday.in/india/video/two-militants-killed-in-12-hour-long-encounter-1408686-2018-12-13,,,,National security/ Counter-terrorism,,,,,,,,,,,,,,,,,,,,,,,,,,,,APAC
,12/15/2018,India,"It only affected one city, county, or village","Srinagar, Baramulla, Kupwara, and Bandipora, Jammu and Kashmir (speed slowed down in Budgam and Ganderbal)",Shutdown,Mobile,Full network,State government,,Protests,,News media article,https://economictimes.indiatimes.com/news/politics-and-nation/mobile-internet-services-suspended-in-most-parts-of-kashmir/articleshow/67105157.cms,,12/24/2018,9,Public safety/ Quell unrest/ Restore public order,,,,,,,,,,,,,,,,,,,,,,,,,,,,APAC
,12/21/2018,Sudan,"It affected locations in more than one state, province, or region",Nationwide,Shutdown,"Broadband, Mobile",Service-based,Executive government,,Protests,,News media article,"https://netblocks.org/reports/study-shows-impact-of-sudan-internet-disruptions-amid-demonstrations-qr8Vj485, https://www.reuters.com/article/us-sudan-protests-internet/sudan-restricts-social-media-access-to-counter-protest-movement-idUSKCN1OW0Z7",,2/20/2019,61,Public safety/ Quell unrest/ Restore public order,,,,,,,,,,,,Social media,,,,,,,,,,,,,,,,MENA
,12/26/2018,India,"It affected more than one city in the same state, province, or region","Pulwama, South Kashmir",Shutdown,Mobile,Full network,State government,,Political instability,,News media article,https://thekashmirwalla.com/2018/12/caso-launched-in-multiple-awantipora-villages-mobile-internet-suspended/,,,,National security/ Counter-terrorism,,,,,,,,,,,,,,,,,,,,,,,,,,,,APAC
,12/28/2018,Bangladesh,"It affected locations in more than one state, province, or region",Nationwide,Throttle,Mobile,Full network,Executive government,,Elections,,News media article,https://www.accessnow.org/sudan-bangladesh-drc-gabon-start-2019-with-major-digital-rights-violations/,,12/31/2018,3,Fake news/ Hate speech/ Incendiary content/ Promoting violence,,,,,,,,,,,,,,,,,,,,,,,,,,,,APAC
,12/29/2018,India,"It affected more than one city in the same state, province, or region","Pulwama, South Kashmir",Shutdown,"Broadband, Mobile",Full network,State government,,Political instability,,News media article,https://kashmir.today/encounter-update-two-militants-killed-clashes-erupt-internet-suspended/,,,,Public safety/ Quell unrest/ Restore public order,,,,,,,,,,,,,,,,,,,,,,,,,,,,APAC
,12/31/2018,Congo (Democratic Republic of the),"It affected locations in more than one state, province, or region",Nationwide,Shutdown,"Broadband, Mobile",Full network,Executive government,,Elections,,News media article,"https://www.cnn.com/2019/01/02/africa/congo-internet-shutdown-china-intl/index.html, https://www.reuters.com/article/us-congo-election/congo-cuts-internet-for-second-day-to-avert-chaos-before-poll-results-idUSKCN1OV1GL, https://twitter.com/GKowene/status/1078588725909749761",,1/20/2019,20,Fake news/ Hate speech/ Incendiary content/ Promoting violence,,,,,,,,,,,,,Yes,,,,,,,,,,,,,,,Africa